cancer,score
LUAD,0.8461186
COAD,0.00035070127
