partner_emb_230,partner_emb_150,partner_emb_384,partner_emb_325,partner_emb_401,partner_emb_346,partner_emb_299,partner_emb_12,partner_emb_334,partner_emb_470,partner_emb_286,partner_emb_192,partner_emb_443,partner_emb_316,partner_emb_493,partner_emb_298,partner_emb_30,partner_emb_232,partner_emb_78,partner_emb_388,cancer,score
0.2686942,0.0,0.0,0.214533,0.0,0.0,0.0,0.0,0.0,0.0,0.43557262,0.65152025,0.29634976,0.0,0.0,0.19638571,0.22035272,0.1423267,0.36314082,0.11831929,COAD,0.0025809214
0.006746359,0.0155497175,0.023855515,0.0,0.0,0.18422155,0.13038994,0.2019953,0.0055062994,0.05118854,0.11013259,0.04560567,0.03551167,0.6789056,0.02787379,0.015266617,0.0,0.16366051,0.0022058836,0.004568558,BRCA,0.9852681
0.0,0.14465031,0.10886743,0.089608744,0.017926883,0.17853281,0.023465004,0.0,0.10435929,0.22682063,0.349875,5.8212318e-05,0.5064627,0.50335777,0.002361105,0.0,0.0,0.8693148,0.9167762,0.005099538,SKCM,0.9222857
0.0,0.005122355,0.063190304,0.0,0.0841919,0.0017802637,0.1237057,0.0,0.16898829,0.0,0.0049594417,0.0,0.0,0.2881751,0.016754823,0.38543445,0.01394261,0.011189865,0.0,0.0,KIRC,0.29541925
0.021818373,0.10711571,0.0,0.0,0.16524863,0.52534217,0.30404267,0.49240208,0.2962988,0.0,0.0,0.0,0.0,0.0008638486,0.0,0.0,0.1854,0.0029313874,0.002339404,0.0,LUAD,0.008002302
